name,smiles,mw
EC,O=C1OCCO1,88.016043988
PC,CC1COC(=O)O1,102.031694052
DMC,COC(=O)OC,90.031694052
DEC,CCOC(=O)OCC,118.06299418
EMC,CCOC(=O)OC,104.047344116
VC,C1=COC(=O)O1,86.00039392400001
FEC,FC1COC(=O)O1,106.00662217600001
DME,COCCOC,90.06807956
Diglyme,COCCOCCOC,134.094294308
THF,C1CCOC1,72.057514876
DOL,C1COCO1,74.036779432
GBL,C1CC(=O)OC1,86.036779432
AN,CC#N,41.026549096
SL,C1CCS(=O)(=O)C1,120.024500496
EA,CCOC(=O)C,88.052429496
